Target	UniProt.Name	Comp.1	Comp.2	Comp.3	Comp.4	Comp.5	Comp.6	Comp.7	Comp.8	Comp.9	Comp.10	Comp.11	Comp.12	Comp.13	Comp.14	Comp.15	Comp.16	Comp.17	Comp.18	Comp.19	Comp.20	Comp.21	Comp.22	Comp.23	Comp.24	Comp.25	Comp.26	Comp.27	Comp.28	Comp.29	Comp.30	Comp.31	Comp.32	Comp.33	Comp.34	Comp.35	Comp.36	Comp.37	Comp.38	Comp.39	Comp.40	Comp.41	Comp.42	Comp.43	Comp.44	Comp.45	Comp.46	Comp.47	Comp.48	Comp.49	Comp.50
O60240	Perilipin-1	0.744	0.428	0.462	0.464	0.558	0.504	0.466	0.468	0.496	0.578	0.54	0.638	0.466	0.416	0.358	0.302	0.304	0.31	0.61	0.292	0.366	0.402	0.46	0.694	0.52	0.664	0.4	0.32	0.662	0.422	0.532	0.444	0.652	0.472	0.552	0.522	0.416	0.578	0.414	0.498	0.192	0.33	0.304	0.424	0.492	0.392	0.35	0.536	0.388	0.386
O43353	Receptor-interacting serine/threonine-protein kinase 2	0.68	0.704	0.686	0.6	0.672	0.696	0.5	0.682	0.67	0.55	0.526	0.718	0.388	0.624	0.506	0.56	0.404	0.41	0.556	0.59	0.656	0.588	0.668	0.796	0.668	0.648	0.502	0.652	0.666	0.508	0.664	0.514	0.662	0.728	0.658	0.672	0.512	0.716	0.472	0.632	0.354	0.498	0.632	0.666	0.554	0.682	0.526	0.514	0.534	0.666
P27338	Amine oxidase [flavin-containing] B	0.658	0.552	0.582	0.412	0.418	0.616	0.394	0.62	0.572	0.476	0.49	0.712	0.434	0.388	0.388	0.378	0.248	0.244	0.578	0.408	0.372	0.468	0.39	0.614	0.412	0.586	0.308	0.33	0.622	0.486	0.638	0.328	0.596	0.492	0.602	0.454	0.288	0.502	0.346	0.612	0.258	0.468	0.514	0.668	0.372	0.474	0.388	0.46	0.346	0.366
O43570	Carbonic anhydrase 12	0.65	0.64	0.594	0.826	0.888	0.506	0.296	0.55	0.6	0.632	0.392	0.85	0.37	0.408	0.212	0.228	0.172	0.128	0.464	0.236	0.314	0.506	0.466	0.536	0.544	0.508	0.196	0.338	0.506	0.356	0.456	0.356	0.514	0.302	0.57	0.52	0.364	0.482	0.25	0.542	0.092	0.336	0.484	0.88	0.348	0.43	0.368	0.466	0.36	0.446
P21396	Amine oxidase [flavin-containing] A	0.642	0.53	0.504	0.51	0.604	0.43	0.56	0.528	0.534	0.496	0.62	0.538	0.584	0.548	0.482	0.446	0.546	0.516	0.596	0.412	0.626	0.516	0.356	0.464	0.548	0.452	0.458	0.44	0.462	0.508	0.458	0.558	0.474	0.448	0.41	0.496	0.462	0.512	0.428	0.44	0.49	0.402	0.464	0.5	0.604	0.596	0.496	0.53	0.494	0.44
Q16790	Carbonic anhydrase 9	0.642	0.486	0.366	0.868	0.9	0.114	0.34	0.378	0.258	0.672	0.41	0.742	0.332	0.39	0.31	0.172	0.32	0.298	0.416	0.266	0.38	0.408	0.496	0.282	0.324	0.36	0.294	0.294	0.186	0.352	0.046	0.436	0.408	0.192	0.272	0.586	0.39	0.372	0.336	0.172	0.168	0.192	0.2	0.71	0.296	0.486	0.394	0.532	0.312	0.384
P08183	Multidrug resistance protein 1	0.634	0.204	0.186	0.192	0.308	0.11	0.426	0.262	0.258	0.436	0.374	0.32	0.462	0.346	0.244	0.118	0.242	0.268	0.508	0.318	0.202	0.46	0.418	0.252	0.246	0.346	0.326	0.146	0.332	0.632	0.314	0.276	0.296	0.138	0.244	0.184	0.364	0.274	0.6	0.344	0.242	0.538	0.204	0.156	0.354	0.534	0.312	0.432	0.402	0.256
Q00G26	Perilipin-5	0.622	0.532	0.554	0.54	0.464	0.58	0.532	0.452	0.62	0.738	0.552	0.662	0.536	0.466	0.356	0.422	0.346	0.346	0.684	0.36	0.428	0.492	0.5	0.846	0.644	0.81	0.37	0.45	0.852	0.52	0.818	0.502	0.78	0.634	0.73	0.62	0.346	0.556	0.468	0.754	0.2	0.356	0.456	0.622	0.586	0.58	0.434	0.662	0.306	0.402
P06241	Tyrosine-protein kinase Fyn	0.62	0.696	0.714	0.8	0.674	0.814	0.618	0.716	0.838	0.75	0.628	0.724	0.538	0.616	0.542	0.732	0.568	0.574	0.692	0.612	0.654	0.58	0.708	0.828	0.816	0.812	0.612	0.766	0.836	0.628	0.848	0.568	0.816	0.786	0.788	0.784	0.698	0.782	0.682	0.796	0.564	0.574	0.766	0.74	0.596	0.608	0.592	0.654	0.644	0.668
Q16548	Bcl-2-related protein A1	0.618	0.604	0.592	0.528	0.358	0.506	0.466	0.488	0.46	0.556	0.48	0.598	0.454	0.406	0.318	0.386	0.248	0.236	0.416	0.482	0.436	0.444	0.47	0.532	0.442	0.488	0.462	0.348	0.54	0.278	0.456	0.398	0.52	0.442	0.456	0.544	0.342	0.494	0.394	0.416	0.37	0.38	0.538	0.526	0.476	0.608	0.448	0.504	0.338	0.542
O95136	Sphingosine 1-phosphate receptor 2	0.616	0.652	0.672	0.672	0.728	0.754	0.678	0.656	0.694	0.672	0.718	0.642	0.512	0.7	0.584	0.79	0.724	0.734	0.628	0.554	0.688	0.62	0.728	0.822	0.928	0.818	0.544	0.716	0.834	0.674	0.784	0.678	0.816	0.734	0.826	0.828	0.572	0.776	0.544	0.82	0.64	0.656	0.584	0.656	0.574	0.628	0.568	0.652	0.49	0.586
P41235	Hepatocyte nuclear factor 4-alpha	0.614	0.18	0.17	0.444	0.32	0.248	0.194	0.282	0.2	0.438	0.226	0.524	0.418	0.386	0.32	0.328	0.372	0.346	0.186	0.324	0.376	0.282	0.342	0.464	0.258	0.442	0.228	0.414	0.452	0.214	0.284	0.402	0.444	0.302	0.276	0.408	0.344	0.278	0.292	0.236	0.184	0.172	0.122	0.232	0.546	0.428	0.294	0.41	0.284	0.388
P30305	M-phase inducer phosphatase 2	0.604	0.574	0.546	0.55	0.452	0.432	0.63	0.492	0.522	0.592	0.636	0.64	0.462	0.658	0.51	0.46	0.554	0.566	0.524	0.548	0.566	0.422	0.45	0.604	0.626	0.692	0.524	0.522	0.656	0.538	0.678	0.554	0.628	0.44	0.514	0.404	0.568	0.478	0.486	0.656	0.558	0.592	0.532	0.496	0.544	0.496	0.478	0.576	0.584	0.598
P43166	Carbonic anhydrase 7	0.6	0.492	0.384	0.764	0.62	0.17	0.308	0.302	0.262	0.554	0.33	0.746	0.348	0.446	0.328	0.19	0.322	0.31	0.476	0.258	0.422	0.48	0.268	0.428	0.312	0.43	0.248	0.202	0.398	0.43	0.314	0.424	0.394	0.098	0.356	0.356	0.26	0.242	0.374	0.342	0.136	0.22	0.37	0.762	0.378	0.48	0.45	0.484	0.276	0.294
P05177	Cytochrome P450 1A2	0.594	0.286	0.262	0.352	0.234	0.262	0.308	0.368	0.224	0.324	0.37	0.474	0.43	0.354	0.456	0.47	0.494	0.48	0.296	0.36	0.432	0.35	0.18	0.33	0.346	0.31	0.22	0.422	0.32	0.258	0.276	0.448	0.276	0.372	0.23	0.428	0.292	0.292	0.274	0.232	0.348	0.31	0.23	0.412	0.472	0.39	0.426	0.328	0.308	0.384
P19643	Amine oxidase [flavin-containing] B	0.592	0.522	0.522	0.484	0.5	0.536	0.478	0.49	0.552	0.53	0.506	0.63	0.55	0.556	0.388	0.412	0.428	0.41	0.524	0.374	0.452	0.648	0.576	0.468	0.518	0.448	0.4	0.456	0.496	0.62	0.514	0.486	0.516	0.452	0.576	0.508	0.468	0.554	0.476	0.54	0.348	0.488	0.438	0.52	0.528	0.508	0.504	0.528	0.524	0.438
P16116	Aldose reductase	0.59	0.302	0.294	0.436	0.352	0.366	0.366	0.416	0.38	0.418	0.372	0.542	0.392	0.484	0.49	0.358	0.35	0.348	0.42	0.504	0.4	0.34	0.286	0.324	0.32	0.336	0.318	0.428	0.304	0.31	0.318	0.396	0.308	0.378	0.286	0.342	0.508	0.352	0.402	0.29	0.474	0.298	0.568	0.55	0.55	0.396	0.42	0.418	0.524	0.292
P63000	Ras-related C3 botulinum toxin substrate 1	0.59	0.354	0.33	0.488	0.448	0.33	0.428	0.41	0.384	0.378	0.402	0.396	0.502	0.456	0.628	0.446	0.536	0.51	0.348	0.47	0.454	0.354	0.516	0.396	0.314	0.31	0.522	0.446	0.326	0.434	0.312	0.496	0.4	0.362	0.286	0.348	0.58	0.338	0.472	0.336	0.654	0.496	0.482	0.42	0.534	0.524	0.506	0.402	0.556	0.462
P26358	DNA (cytosine-5)-methyltransferase 1	0.578	0.216	0.216	0.444	0.418	0.218	0.334	0.32	0.294	0.59	0.344	0.392	0.42	0.498	0.402	0.286	0.432	0.344	0.216	0.364	0.466	0.15	0.426	0.612	0.318	0.476	0.35	0.294	0.428	0.11	0.25	0.388	0.506	0.268	0.206	0.448	0.484	0.306	0.248	0.2	0.226	0.118	0.166	0.172	0.458	0.568	0.322	0.49	0.474	0.548
P63001	Ras-related C3 botulinum toxin substrate 1	0.574	0.32	0.272	0.438	0.42	0.328	0.422	0.39	0.354	0.39	0.362	0.4	0.506	0.456	0.576	0.424	0.598	0.594	0.31	0.39	0.432	0.386	0.53	0.374	0.332	0.356	0.502	0.436	0.328	0.422	0.312	0.562	0.436	0.368	0.282	0.384	0.574	0.354	0.482	0.33	0.61	0.432	0.39	0.398	0.548	0.496	0.576	0.446	0.558	0.542
P00750	Tissue-type plasminogen activator	0.568	0.406	0.326	0.388	0.364	0.274	0.388	0.452	0.354	0.496	0.36	0.524	0.53	0.398	0.276	0.302	0.426	0.386	0.464	0.298	0.244	0.484	0.39	0.432	0.354	0.4	0.45	0.338	0.406	0.55	0.384	0.432	0.442	0.298	0.284	0.264	0.384	0.298	0.474	0.384	0.356	0.414	0.348	0.426	0.592	0.488	0.422	0.478	0.354	0.452
O14842	Free fatty acid receptor 1	0.562	0.094	0.062	0.18	0.14	0.066	0.108	0.096	0.072	0.126	0.146	0.252	0.37	0.128	0.098	0.06	0.106	0.102	0.096	0.108	0.092	0.15	0.112	0.176	0.056	0.138	0.066	0.052	0.13	0.242	0.148	0.1	0.214	0.066	0.046	0.044	0.152	0.1	0.09	0.122	0.122	0.286	0.076	0.182	0.262	0.48	0.19	0.232	0.208	0.082
P29477	Nitric oxide synthase, inducible	0.56	0.462	0.476	0.404	0.468	0.486	0.526	0.484	0.472	0.472	0.524	0.54	0.41	0.472	0.454	0.392	0.49	0.494	0.594	0.598	0.422	0.416	0.438	0.664	0.416	0.394	0.46	0.406	0.442	0.392	0.432	0.506	0.57	0.396	0.446	0.506	0.54	0.422	0.466	0.476	0.372	0.418	0.456	0.404	0.464	0.55	0.412	0.498	0.466	0.514
P79208	Prostaglandin G/H synthase 2	0.558	0.392	0.39	0.532	0.436	0.466	0.392	0.39	0.372	0.282	0.448	0.718	0.244	0.512	0.424	0.508	0.362	0.37	0.442	0.402	0.552	0.444	0.414	0.272	0.46	0.352	0.322	0.482	0.32	0.372	0.294	0.51	0.296	0.482	0.398	0.534	0.45	0.428	0.234	0.3	0.328	0.374	0.404	0.516	0.44	0.362	0.338	0.316	0.478	0.498
P00766	Chymotrypsinogen A	0.552	0.092	0.082	0.23	0.29	0.042	0.306	0.188	0.082	0.352	0.292	0.276	0.5	0.356	0.286	0.076	0.322	0.318	0.182	0.32	0.184	0.222	0.334	0.252	0.144	0.278	0.25	0.118	0.266	0.354	0.164	0.308	0.3	0.06	0.118	0.176	0.282	0.148	0.326	0.146	0.418	0.37	0.224	0.056	0.504	0.362	0.316	0.368	0.29	0.244
P28566	5-hydroxytryptamine receptor 1E	0.546	0.468	0.47	0.408	0.4	0.484	0.588	0.456	0.43	0.486	0.52	0.476	0.39	0.56	0.452	0.53	0.44	0.43	0.348	0.486	0.362	0.496	0.464	0.564	0.522	0.536	0.446	0.54	0.596	0.422	0.448	0.506	0.612	0.434	0.47	0.59	0.45	0.506	0.32	0.436	0.466	0.482	0.348	0.318	0.382	0.492	0.498	0.506	0.398	0.582
Q9HC97	G-protein coupled receptor 35	0.542	0.55	0.548	0.596	0.474	0.518	0.506	0.386	0.558	0.534	0.488	0.466	0.534	0.554	0.588	0.514	0.554	0.538	0.464	0.514	0.644	0.478	0.718	0.54	0.548	0.52	0.616	0.472	0.526	0.474	0.516	0.574	0.474	0.564	0.576	0.616	0.714	0.592	0.646	0.57	0.516	0.51	0.4	0.294	0.47	0.52	0.658	0.544	0.64	0.524
P22303	Acetylcholinesterase	0.52	0.344	0.23	0.334	0.276	0.242	0.274	0.27	0.14	0.31	0.284	0.398	0.284	0.242	0.298	0.238	0.238	0.236	0.148	0.36	0.21	0.32	0.24	0.218	0.228	0.174	0.252	0.34	0.238	0.282	0.12	0.364	0.154	0.3	0.178	0.35	0.292	0.238	0.294	0.13	0.304	0.284	0.262	0.364	0.304	0.29	0.412	0.298	0.218	0.288
Q9Y2R2	Tyrosine-protein phosphatase non-receptor type 22	0.52	0.732	0.676	0.654	0.594	0.728	0.536	0.576	0.726	0.726	0.556	0.536	0.526	0.554	0.594	0.596	0.466	0.53	0.55	0.622	0.536	0.53	0.66	0.742	0.708	0.704	0.56	0.64	0.712	0.546	0.744	0.518	0.714	0.628	0.718	0.674	0.696	0.604	0.69	0.748	0.472	0.57	0.562	0.568	0.562	0.53	0.5	0.678	0.538	0.578
P51452	Dual specificity protein phosphatase 3	0.514	0.562	0.54	0.624	0.598	0.392	0.698	0.584	0.606	0.326	0.618	0.568	0.582	0.574	0.624	0.422	0.562	0.58	0.55	0.698	0.528	0.586	0.702	0.226	0.368	0.31	0.688	0.462	0.218	0.646	0.242	0.568	0.298	0.448	0.368	0.66	0.728	0.63	0.592	0.318	0.664	0.668	0.674	0.438	0.746	0.628	0.736	0.346	0.764	0.466
P33261	Cytochrome P450 2C19	0.512	0.6	0.586	0.508	0.382	0.572	0.482	0.52	0.508	0.518	0.502	0.54	0.46	0.438	0.47	0.568	0.55	0.584	0.412	0.48	0.488	0.6	0.474	0.604	0.624	0.642	0.392	0.662	0.702	0.546	0.638	0.506	0.562	0.626	0.702	0.536	0.494	0.546	0.464	0.57	0.362	0.402	0.454	0.606	0.61	0.442	0.516	0.5	0.394	0.47
P47936	Cannabinoid receptor 2	0.512	0.326	0.34	0.336	0.404	0.398	0.342	0.326	0.322	0.614	0.374	0.414	0.44	0.17	0.184	0.256	0.194	0.184	0.318	0.22	0.236	0.312	0.352	0.6	0.366	0.664	0.254	0.334	0.66	0.45	0.67	0.282	0.656	0.28	0.626	0.274	0.306	0.352	0.42	0.588	0.156	0.63	0.244	0.396	0.468	0.418	0.214	0.526	0.19	0.2
P29474	Nitric oxide synthase, endothelial	0.51	0.694	0.706	0.588	0.456	0.812	0.446	0.666	0.564	0.51	0.504	0.56	0.378	0.474	0.378	0.53	0.346	0.354	0.58	0.474	0.48	0.686	0.552	0.652	0.7	0.652	0.472	0.622	0.696	0.476	0.734	0.578	0.632	0.69	0.748	0.642	0.362	0.596	0.412	0.706	0.286	0.504	0.66	0.75	0.376	0.458	0.654	0.408	0.414	0.466
Q9NR96	Toll-like receptor 9	0.51	0.912	0.932	0.496	0.478	0.896	0.658	0.726	0.834	0.564	0.692	0.716	0.384	0.68	0.53	0.822	0.502	0.528	0.736	0.568	0.66	0.63	0.716	0.688	0.728	0.686	0.622	0.69	0.738	0.37	0.776	0.586	0.58	0.842	0.876	0.818	0.536	0.764	0.436	0.768	0.472	0.582	0.778	0.82	0.496	0.484	0.498	0.474	0.426	0.744
Q05769	Prostaglandin G/H synthase 2	0.508	0.474	0.398	0.358	0.428	0.494	0.346	0.464	0.484	0.49	0.406	0.714	0.524	0.628	0.336	0.42	0.34	0.338	0.834	0.412	0.364	0.668	0.364	0.486	0.442	0.444	0.22	0.426	0.466	0.488	0.484	0.472	0.45	0.418	0.422	0.412	0.316	0.404	0.344	0.426	0.262	0.458	0.602	0.724	0.486	0.504	0.448	0.412	0.396	0.452
P00747	Plasminogen	0.504	0.336	0.27	0.286	0.328	0.244	0.346	0.422	0.272	0.364	0.368	0.422	0.5	0.36	0.288	0.262	0.322	0.326	0.358	0.33	0.206	0.378	0.268	0.492	0.334	0.398	0.238	0.284	0.382	0.422	0.416	0.354	0.46	0.214	0.3	0.238	0.358	0.228	0.296	0.43	0.314	0.466	0.32	0.356	0.458	0.382	0.372	0.406	0.394	0.33
P31941	DNA dC->dU-editing enzyme APOBEC-3A	0.498	0.568	0.558	0.362	0.344	0.582	0.472	0.482	0.48	0.478	0.412	0.542	0.508	0.59	0.514	0.49	0.416	0.468	0.578	0.472	0.416	0.632	0.286	0.508	0.5	0.54	0.546	0.338	0.528	0.67	0.552	0.436	0.512	0.54	0.646	0.244	0.416	0.506	0.598	0.66	0.434	0.638	0.568	0.522	0.49	0.526	0.614	0.576	0.404	0.602
P80457	Xanthine dehydrogenase/oxidase	0.498	0.774	0.758	0.708	0.542	0.846	0.606	0.726	0.78	0.76	0.634	0.702	0.504	0.604	0.644	0.808	0.592	0.652	0.708	0.574	0.778	0.668	0.638	0.766	0.79	0.792	0.652	0.826	0.804	0.578	0.848	0.744	0.782	0.818	0.816	0.804	0.668	0.746	0.622	0.818	0.45	0.562	0.62	0.832	0.518	0.53	0.65	0.736	0.594	0.764
P35869	Aryl hydrocarbon receptor	0.494	0.868	0.898	0.604	0.506	0.908	0.638	0.816	0.79	0.486	0.712	0.652	0.346	0.482	0.546	0.836	0.372	0.346	0.716	0.748	0.68	0.624	0.568	0.594	0.67	0.584	0.514	0.774	0.678	0.46	0.692	0.602	0.576	0.888	0.694	0.778	0.47	0.764	0.386	0.658	0.514	0.51	0.864	0.87	0.536	0.526	0.636	0.396	0.51	0.62
P14174	Macrophage migration inhibitory factor	0.49	0.506	0.526	0.482	0.522	0.432	0.546	0.686	0.41	0.51	0.574	0.498	0.59	0.554	0.45	0.43	0.506	0.494	0.55	0.594	0.528	0.502	0.464	0.412	0.43	0.438	0.468	0.438	0.44	0.52	0.428	0.364	0.472	0.452	0.384	0.422	0.436	0.398	0.424	0.404	0.508	0.434	0.718	0.594	0.392	0.48	0.46	0.478	0.508	0.416
P21397	Amine oxidase [flavin-containing] A	0.488	0.4	0.394	0.48	0.47	0.636	0.524	0.32	0.528	0.518	0.542	0.598	0.538	0.556	0.358	0.64	0.448	0.436	0.536	0.376	0.5	0.496	0.56	0.576	0.622	0.512	0.47	0.54	0.596	0.458	0.594	0.516	0.462	0.532	0.656	0.61	0.47	0.626	0.514	0.582	0.458	0.448	0.284	0.328	0.496	0.548	0.514	0.514	0.424	0.49
P35218	Carbonic anhydrase 5A, mitochondrial	0.486	0.118	0.136	0.672	0.528	0.056	0.268	0.172	0.12	0.58	0.27	0.348	0.454	0.372	0.354	0.06	0.364	0.372	0.176	0.25	0.28	0.242	0.28	0.344	0.204	0.342	0.308	0.14	0.3	0.208	0.11	0.392	0.304	0.07	0.194	0.23	0.292	0.17	0.44	0.162	0.166	0.122	0.112	0.14	0.332	0.376	0.334	0.58	0.262	0.274
P37231	Peroxisome proliferator-activated receptor gamma	0.484	0.108	0.044	0.144	0.124	0.066	0.058	0.106	0.116	0.282	0.054	0.46	0.304	0.152	0.152	0.038	0.15	0.134	0.142	0.11	0.144	0.126	0.056	0.212	0.084	0.196	0.076	0.078	0.156	0.1	0.142	0.14	0.27	0.014	0.018	0.074	0.106	0.042	0.112	0.104	0.08	0.048	0.042	0.186	0.326	0.29	0.206	0.242	0.11	0.11
P68400	Casein kinase II subunit alpha	0.476	0.758	0.812	0.638	0.494	0.876	0.488	0.788	0.768	0.716	0.62	0.704	0.56	0.542	0.554	0.872	0.64	0.678	0.694	0.582	0.79	0.662	0.654	0.842	0.876	0.766	0.452	0.798	0.858	0.658	0.882	0.542	0.778	0.866	0.87	0.794	0.512	0.774	0.506	0.87	0.536	0.598	0.682	0.776	0.568	0.478	0.504	0.684	0.522	0.68
P29476	Nitric oxide synthase, brain	0.472	0.542	0.556	0.45	0.446	0.5	0.442	0.416	0.542	0.5	0.428	0.432	0.374	0.612	0.266	0.41	0.198	0.232	0.584	0.368	0.35	0.528	0.57	0.558	0.276	0.486	0.622	0.374	0.508	0.584	0.554	0.362	0.52	0.412	0.56	0.454	0.566	0.422	0.624	0.608	0.28	0.644	0.382	0.314	0.348	0.584	0.486	0.488	0.49	0.514
P15144	Aminopeptidase N	0.468	0.564	0.582	0.504	0.53	0.59	0.49	0.502	0.566	0.334	0.554	0.504	0.394	0.574	0.438	0.55	0.426	0.426	0.408	0.424	0.644	0.482	0.656	0.492	0.32	0.456	0.456	0.548	0.46	0.55	0.506	0.536	0.474	0.586	0.582	0.456	0.516	0.514	0.254	0.524	0.556	0.676	0.466	0.53	0.476	0.386	0.562	0.386	0.484	0.596
P24468	COUP transcription factor 2	0.468	0.344	0.32	0.496	0.506	0.364	0.338	0.388	0.402	0.55	0.392	0.386	0.422	0.276	0.48	0.45	0.564	0.56	0.222	0.326	0.488	0.184	0.448	0.508	0.418	0.488	0.344	0.416	0.43	0.12	0.466	0.4	0.472	0.414	0.37	0.584	0.452	0.414	0.326	0.42	0.444	0.13	0.188	0.26	0.432	0.386	0.358	0.606	0.344	0.384
Q9ULX7	Carbonic anhydrase 14	0.466	0.396	0.4	0.74	0.398	0.486	0.212	0.346	0.41	0.696	0.274	0.512	0.314	0.286	0.298	0.382	0.372	0.394	0.434	0.15	0.462	0.342	0.322	0.466	0.5	0.458	0.202	0.35	0.46	0.298	0.476	0.428	0.442	0.36	0.548	0.558	0.296	0.408	0.31	0.542	0.096	0.198	0.21	0.762	0.198	0.318	0.296	0.56	0.192	0.366
Q00987	E3 ubiquitin-protein ligase Mdm2	0.464	0.594	0.626	0.546	0.466	0.63	0.422	0.514	0.496	0.582	0.452	0.454	0.466	0.44	0.474	0.57	0.482	0.492	0.352	0.444	0.488	0.356	0.494	0.584	0.596	0.608	0.56	0.55	0.574	0.33	0.524	0.432	0.568	0.634	0.554	0.614	0.572	0.586	0.534	0.53	0.43	0.49	0.352	0.412	0.298	0.444	0.386	0.602	0.46	0.622
Q07820	Induced myeloid leukemia cell differentiation protein Mcl-1	0.462	0.176	0.172	0.336	0.402	0.164	0.356	0.142	0.45	0.286	0.348	0.508	0.418	0.476	0.324	0.248	0.362	0.362	0.244	0.348	0.324	0.318	0.468	0.39	0.248	0.284	0.26	0.224	0.244	0.246	0.264	0.314	0.326	0.22	0.236	0.272	0.424	0.372	0.362	0.302	0.406	0.39	0.222	0.1	0.474	0.39	0.262	0.304	0.408	0.438
P22748	Carbonic anhydrase 4	0.458	0.252	0.29	0.66	0.478	0.246	0.288	0.264	0.396	0.734	0.324	0.496	0.426	0.34	0.282	0.188	0.314	0.338	0.384	0.242	0.43	0.268	0.502	0.704	0.436	0.708	0.26	0.228	0.61	0.39	0.644	0.412	0.664	0.114	0.492	0.532	0.364	0.408	0.524	0.518	0.152	0.312	0.224	0.208	0.432	0.478	0.294	0.7	0.312	0.394
Q9UHL4	Dipeptidyl peptidase 2	0.458	0.67	0.684	0.524	0.526	0.564	0.592	0.676	0.488	0.614	0.626	0.528	0.422	0.442	0.434	0.512	0.41	0.402	0.52	0.538	0.6	0.488	0.496	0.556	0.474	0.534	0.416	0.584	0.6	0.448	0.56	0.462	0.576	0.554	0.602	0.634	0.432	0.522	0.576	0.538	0.4	0.392	0.464	0.574	0.502	0.438	0.496	0.518	0.278	0.516
P05979	Prostaglandin G/H synthase 1	0.454	0.264	0.244	0.344	0.326	0.396	0.302	0.332	0.47	0.444	0.268	0.392	0.514	0.376	0.498	0.442	0.478	0.486	0.44	0.344	0.376	0.37	0.448	0.532	0.43	0.464	0.376	0.41	0.472	0.382	0.468	0.292	0.542	0.436	0.388	0.354	0.42	0.388	0.458	0.496	0.428	0.33	0.358	0.376	0.452	0.432	0.294	0.42	0.42	0.512
P80365	Corticosteroid 11-beta-dehydrogenase isozyme 2	0.454	0.338	0.338	0.45	0.224	0.388	0.246	0.304	0.386	0.662	0.254	0.388	0.424	0.452	0.56	0.44	0.608	0.584	0.27	0.308	0.374	0.308	0.422	0.764	0.476	0.59	0.446	0.466	0.638	0.226	0.5	0.592	0.584	0.442	0.374	0.52	0.412	0.352	0.368	0.456	0.374	0.244	0.238	0.242	0.356	0.482	0.332	0.694	0.358	0.594
P07943	Aldose reductase	0.452	0.064	0.062	0.252	0.182	0.058	0.296	0.236	0.06	0.098	0.276	0.266	0.374	0.336	0.378	0.152	0.41	0.378	0.154	0.314	0.208	0.198	0.248	0.032	0.106	0.06	0.37	0.136	0.008	0.152	0.006	0.34	0.052	0.086	0.004	0.168	0.388	0.132	0.15	0.008	0.43	0.258	0.102	0.058	0.39	0.446	0.316	0.198	0.464	0.284
P56524	Histone deacetylase 4	0.452	0.116	0.056	0.276	0.386	0.032	0.288	0.164	0.15	0.278	0.246	0.428	0.468	0.556	0.432	0.172	0.402	0.398	0.248	0.4	0.256	0.214	0.312	0.274	0.124	0.21	0.38	0.204	0.198	0.238	0.112	0.454	0.238	0.12	0.066	0.24	0.444	0.126	0.4	0.118	0.47	0.308	0.134	0.15	0.328	0.404	0.426	0.324	0.356	0.356
P15917	Lethal factor	0.45	0.34	0.34	0.41	0.462	0.234	0.438	0.424	0.358	0.582	0.426	0.406	0.626	0.41	0.4	0.256	0.452	0.446	0.46	0.318	0.29	0.472	0.456	0.456	0.398	0.41	0.488	0.342	0.392	0.556	0.428	0.432	0.468	0.296	0.448	0.362	0.498	0.326	0.63	0.548	0.276	0.556	0.322	0.436	0.606	0.436	0.328	0.558	0.542	0.38
Q92769	Histone deacetylase 2	0.45	0.162	0.186	0.214	0.21	0.418	0.106	0.172	0.184	0.266	0.116	0.256	0.22	0.342	0.232	0.138	0.152	0.15	0.21	0.348	0.16	0.104	0.224	0.174	0.126	0.156	0.24	0.13	0.128	0.186	0.1	0.176	0.196	0.106	0.098	0.188	0.238	0.162	0.242	0.156	0.238	0.268	0.334	0.194	0.148	0.22	0.234	0.312	0.222	0.294
P05121	Plasminogen activator inhibitor 1	0.446	0.246	0.232	0.316	0.296	0.248	0.278	0.32	0.18	0.376	0.29	0.414	0.43	0.292	0.408	0.28	0.416	0.408	0.266	0.332	0.288	0.344	0.222	0.306	0.338	0.32	0.286	0.322	0.294	0.276	0.32	0.36	0.28	0.27	0.258	0.248	0.278	0.262	0.23	0.264	0.278	0.25	0.18	0.356	0.37	0.22	0.388	0.352	0.278	0.272
Q95136	D(1A) dopamine receptor	0.444	0.418	0.366	0.394	0.418	0.338	0.568	0.462	0.318	0.356	0.534	0.498	0.414	0.512	0.506	0.322	0.42	0.398	0.424	0.588	0.418	0.478	0.366	0.31	0.33	0.312	0.468	0.348	0.288	0.358	0.27	0.6	0.324	0.374	0.266	0.376	0.374	0.344	0.308	0.29	0.388	0.324	0.418	0.492	0.412	0.446	0.608	0.348	0.448	0.384
P02550	Tubulin alpha-1A chain	0.442	0.17	0.188	0.356	0.266	0.268	0.312	0.294	0.28	0.51	0.308	0.304	0.556	0.484	0.416	0.368	0.442	0.41	0.328	0.306	0.398	0.296	0.308	0.386	0.31	0.446	0.282	0.418	0.37	0.344	0.31	0.41	0.39	0.308	0.302	0.346	0.376	0.286	0.388	0.314	0.456	0.314	0.298	0.278	0.402	0.482	0.394	0.574	0.314	0.472
Q8IXJ6	NAD-dependent protein deacetylase sirtuin-2	0.442	0.252	0.25	0.394	0.422	0.244	0.402	0.248	0.408	0.42	0.366	0.348	0.494	0.266	0.298	0.292	0.27	0.278	0.302	0.26	0.32	0.288	0.492	0.348	0.336	0.35	0.356	0.374	0.362	0.372	0.35	0.354	0.384	0.27	0.306	0.342	0.474	0.364	0.366	0.356	0.352	0.362	0.232	0.208	0.32	0.35	0.212	0.436	0.41	0.284
Q05397	Focal adhesion kinase 1	0.44	0.526	0.554	0.43	0.374	0.358	0.518	0.604	0.336	0.41	0.55	0.472	0.324	0.436	0.464	0.396	0.456	0.45	0.3	0.634	0.368	0.336	0.412	0.368	0.438	0.372	0.464	0.318	0.342	0.282	0.296	0.56	0.35	0.338	0.32	0.484	0.38	0.358	0.352	0.314	0.432	0.348	0.356	0.402	0.37	0.434	0.51	0.412	0.3	0.442
Q9GZU7	Carboxy-terminal domain RNA polymerase II polypeptide A small phosphatase 1	0.438	0.312	0.328	0.472	0.408	0.398	0.418	0.344	0.422	0.444	0.39	0.366	0.542	0.308	0.312	0.216	0.28	0.264	0.43	0.384	0.498	0.386	0.542	0.348	0.438	0.438	0.474	0.324	0.382	0.398	0.482	0.406	0.394	0.346	0.404	0.408	0.556	0.48	0.502	0.464	0.256	0.314	0.282	0.368	0.462	0.424	0.424	0.538	0.544	0.438
P23280	Carbonic anhydrase 6	0.434	0.2	0.244	0.644	0.456	0.124	0.348	0.394	0.21	0.566	0.396	0.332	0.442	0.36	0.386	0.142	0.362	0.314	0.33	0.32	0.376	0.368	0.344	0.202	0.258	0.224	0.322	0.266	0.194	0.374	0.118	0.416	0.248	0.096	0.252	0.298	0.326	0.256	0.392	0.216	0.224	0.29	0.29	0.332	0.39	0.434	0.328	0.532	0.29	0.376
P41143	Delta-type opioid receptor	0.432	0.25	0.244	0.376	0.338	0.336	0.29	0.284	0.424	0.266	0.296	0.288	0.548	0.396	0.384	0.31	0.338	0.36	0.358	0.29	0.372	0.348	0.406	0.326	0.356	0.32	0.278	0.302	0.324	0.406	0.33	0.31	0.286	0.336	0.36	0.366	0.528	0.366	0.4	0.358	0.274	0.49	0.226	0.256	0.336	0.386	0.314	0.35	0.456	0.372
P00915	Carbonic anhydrase 1	0.43	0.31	0.218	0.85	0.808	0.132	0.27	0.448	0.346	0.406	0.306	0.586	0.208	0.258	0.27	0.18	0.304	0.314	0.3	0.23	0.278	0.272	0.46	0.304	0.296	0.442	0.18	0.244	0.27	0.162	0.142	0.408	0.354	0.198	0.132	0.458	0.436	0.342	0.142	0.108	0.104	0.088	0.284	0.69	0.29	0.348	0.344	0.406	0.352	0.24
P23141	Liver carboxylesterase 1	0.43	0.206	0.184	0.252	0.326	0.138	0.368	0.256	0.216	0.444	0.36	0.362	0.492	0.414	0.376	0.204	0.32	0.336	0.35	0.456	0.286	0.292	0.26	0.444	0.258	0.4	0.31	0.228	0.38	0.434	0.238	0.448	0.402	0.136	0.256	0.286	0.39	0.244	0.342	0.206	0.384	0.524	0.26	0.214	0.354	0.484	0.428	0.49	0.446	0.388
P60953	Cell division control protein 42 homolog	0.43	0.314	0.306	0.404	0.452	0.28	0.468	0.358	0.454	0.4	0.38	0.364	0.488	0.436	0.502	0.298	0.474	0.464	0.358	0.552	0.418	0.358	0.5	0.374	0.306	0.33	0.582	0.304	0.302	0.394	0.29	0.422	0.382	0.298	0.272	0.3	0.596	0.39	0.534	0.306	0.622	0.476	0.514	0.28	0.436	0.486	0.532	0.424	0.598	0.384
P07900	Heat shock protein HSP 90-alpha	0.426	0.134	0.124	0.266	0.296	0.088	0.296	0.266	0.118	0.65	0.254	0.304	0.552	0.24	0.318	0.07	0.254	0.254	0.252	0.322	0.152	0.314	0.148	0.262	0.218	0.33	0.372	0.174	0.256	0.326	0.226	0.362	0.272	0.076	0.13	0.276	0.308	0.114	0.532	0.156	0.346	0.264	0.186	0.228	0.454	0.388	0.396	0.646	0.286	0.234
Q14524	Sodium channel protein type 5 subunit alpha	0.42	0.406	0.408	0.398	0.36	0.426	0.478	0.402	0.386	0.504	0.496	0.482	0.546	0.4	0.478	0.534	0.586	0.606	0.434	0.472	0.536	0.414	0.388	0.41	0.468	0.478	0.406	0.536	0.432	0.48	0.424	0.388	0.45	0.528	0.456	0.508	0.414	0.378	0.41	0.458	0.464	0.294	0.366	0.44	0.514	0.462	0.478	0.562	0.398	0.366
P43119	Prostacyclin receptor	0.418	0.26	0.286	0.374	0.26	0.37	0.278	0.354	0.32	0.38	0.286	0.342	0.394	0.264	0.438	0.396	0.396	0.372	0.264	0.31	0.33	0.274	0.29	0.408	0.36	0.3	0.298	0.346	0.354	0.244	0.376	0.442	0.526	0.35	0.356	0.384	0.358	0.328	0.314	0.352	0.378	0.242	0.264	0.292	0.496	0.33	0.31	0.426	0.34	0.298
P51812	Ribosomal protein S6 kinase alpha-3	0.418	0.482	0.488	0.398	0.334	0.41	0.388	0.426	0.35	0.37	0.398	0.376	0.412	0.514	0.418	0.446	0.486	0.49	0.392	0.484	0.332	0.378	0.422	0.356	0.428	0.366	0.372	0.478	0.386	0.354	0.322	0.438	0.324	0.378	0.362	0.43	0.324	0.396	0.298	0.324	0.36	0.36	0.422	0.41	0.426	0.326	0.39	0.35	0.326	0.476
P05186	Alkaline phosphatase, tissue-nonspecific isozyme	0.416	0.396	0.362	0.434	0.412	0.428	0.39	0.32	0.492	0.412	0.376	0.398	0.43	0.48	0.48	0.338	0.414	0.434	0.414	0.522	0.382	0.32	0.488	0.524	0.524	0.402	0.478	0.366	0.42	0.396	0.498	0.456	0.5	0.392	0.446	0.41	0.526	0.464	0.5	0.55	0.424	0.482	0.346	0.282	0.39	0.486	0.386	0.468	0.48	0.494
P17706	Tyrosine-protein phosphatase non-receptor type 2	0.416	0.358	0.418	0.392	0.342	0.528	0.346	0.44	0.372	0.38	0.396	0.436	0.522	0.476	0.434	0.532	0.35	0.36	0.474	0.35	0.35	0.372	0.338	0.346	0.45	0.398	0.288	0.474	0.512	0.456	0.316	0.424	0.424	0.53	0.486	0.538	0.356	0.448	0.334	0.314	0.398	0.356	0.382	0.354	0.424	0.402	0.328	0.414	0.346	0.394
P11511	Aromatase	0.414	0.364	0.388	0.262	0.182	0.384	0.208	0.284	0.198	0.404	0.364	0.348	0.3	0.164	0.268	0.25	0.346	0.372	0.178	0.138	0.306	0.224	0.092	0.696	0.286	0.41	0.108	0.358	0.504	0.178	0.662	0.394	0.55	0.278	0.466	0.346	0.142	0.218	0.132	0.394	0.078	0.446	0.11	0.358	0.22	0.228	0.132	0.394	0.104	0.264
P30989	Neurotensin receptor type 1	0.414	0.41	0.422	0.664	0.426	0.466	0.376	0.402	0.438	0.464	0.394	0.352	0.51	0.364	0.522	0.464	0.526	0.536	0.362	0.448	0.406	0.434	0.436	0.422	0.48	0.44	0.408	0.53	0.446	0.386	0.458	0.5	0.452	0.484	0.464	0.536	0.526	0.44	0.442	0.46	0.462	0.452	0.38	0.412	0.372	0.38	0.438	0.478	0.514	0.428
P00735	Prothrombin	0.412	0.33	0.326	0.246	0.354	0.282	0.352	0.312	0.348	0.398	0.304	0.296	0.526	0.304	0.286	0.34	0.268	0.28	0.328	0.336	0.234	0.356	0.4	0.44	0.336	0.368	0.334	0.334	0.394	0.42	0.358	0.38	0.376	0.3	0.358	0.336	0.468	0.292	0.432	0.344	0.388	0.352	0.378	0.304	0.33	0.426	0.376	0.44	0.466	0.312
P10827	Thyroid hormone receptor alpha	0.412	0.24	0.112	0.172	0.24	0.06	0.16	0.252	0.06	0.16	0.218	0.368	0.366	0.126	0.116	0.07	0.146	0.142	0.202	0.156	0.138	0.3	0.054	0.1	0.092	0.12	0.094	0.13	0.1	0.2	0.112	0.2	0.11	0.074	0.098	0.09	0.082	0.096	0.12	0.094	0.09	0.14	0.03	0.296	0.63	0.276	0.378	0.164	0.052	0.14
P18031	Tyrosine-protein phosphatase non-receptor type 1	0.412	0.178	0.12	0.3	0.316	0.08	0.326	0.142	0.144	0.242	0.3	0.276	0.564	0.38	0.398	0.214	0.306	0.288	0.164	0.36	0.202	0.138	0.306	0.048	0.214	0.19	0.41	0.224	0.06	0.322	0.062	0.346	0.104	0.176	0.174	0.206	0.384	0.192	0.348	0.152	0.402	0.316	0.182	0.032	0.452	0.37	0.332	0.356	0.34	0.286
